0.01,5,0,0,0,0
0,0,2.49999999999986e-06,0,0,0
-2.52214467020641e-11,-3.27226845238654e-11,7.49999999999957e-06,3.32661290322578e-05,1.00884955752212e-05,-6.34920634920653e-06
-1.00223041540794e-08,3.24127066239166e-08,1.4999997034856e-05,9.97983049687671e-05,3.02657306416901e-05,-1.90470565089452e-05
-4.98576929746502e-08,1.62391251603645e-07,2.49999780525046e-05,0.000199596345521346,6.05322256670562e-05,-3.80921984724812e-05
-1.4931506030522e-07,4.87502734016508e-07,3.74999092267773e-05,0.000332659968357807,0.000100888777476764,-6.34824907814616e-05
-3.4809176364424e-07,1.13789287062256e-06,5.24997217048361e-05,0.000498988791288807,0.000151336458935494,-9.52150025563346e-05
-6.95794337162965e-07,2.27625456367112e-06,6.99992937892553e-05,0.000698582332525377,0.000211876618503918,-0.000133286013540797
-1.25193301600064e-06,4.09782942607017e-06,8.99984295547898e-05,0.000931440011007184,0.0002825108796708,-0.000177691014160333
-2.08591529174597e-06,6.83040951769481e-06,0.000112496833899882,0.00119756114680155,0.000363241140260537,-0.000228424705594943
-3.27703849732408e-06,1.07343392646571e-05,0.000137494084032966,0.00149694496157329,0.00045406957161619,-0.000285480999866155
-4.91448141927103e-06,1.61025175287224e-05,0.000164989597393649,0.00182959057912538,0.000554998617658131,-0.000348853019938458
-7.09729493514751e-06,2.32603997894244e-05,0.000194982596008845,0.0021954970260106,0.000666030993818392,-0.000418533099835302
-9.93439167362094e-06,3.25660003968e-05,0.000227472067283974,0.00259466323221414,0.000787169685850863,-0.000494512784769816
-1.35445346945311e-05,4.44098948480397e-05,0.000262456721229344,0.00302708803190728,0.00091841794851747,-0.000576782831290456
-1.80563251860501e-05,5.92152220367258e-05,0.000299934944121835,0.00349277016427227,0.00105977930415049,-0.000665333207441756
-2.36081891758537e-05,7.74376864187141e-05,0.000339904748602076,0.0039917082743984,0.00121125754109117,-0.000760153092940427
-3.03483632530394e-05,9.95655600341039e-05,0.000382363720207252,0.00452390091424949,0.00137285671200489,-0.000861230879367039
-3.84348792973534e-05,0.000126119684320132,0.000427308960339779,0.00508934654370283,0.00154458113207296,-0.000968554170373533
-4.80355482121373e-05,0.000157653471645232,0.000474737025672059,0.00568804353165968,0.0017264353770614,-0.00108210978190687
-5.93279426572552e-05,0.000194752906489903,0.000524643863987573,0.00631999015722746,0.00191842428126686,-0.00120188374244906
-7.2499378778139e-05,0.000238036546195453,0.00057702474645862,0.00698518461097383,0.00212055293533995,-0.00132786129327399
-8.77468969269751e-05,0.0002881555211971,0.000631874196361002,0.00768362499625266,0.00233282668398622,-0.00146002688872122
-0.000105277241371958,0.000345793534653364,0.000689185914226053,0.00841530933060218,0.00255525112354518,-0.00159836419648728
-0.000125306838990458,0.000411666861379097,0.000748952699430383,0.00918023554721527,0.00278783209944748,-0.00174285609793466
-0.000148061776941892,0.000486524345984994,0.000811166368223814,0.00997840149648226,0.00303057570355073,-0.00189348468841903
-0.000173777779316036,0.000571147400121865,0.000875817668195999,0.0108098049476062,0.00328348827135423,-0.00205023127763501
-0.000202700182752502,0.000666349998723437,0.000942896189182265,0.011674443590291,0.00354657637909291,-0.00221307638998086
-0.00023508391102709,0.000772978675136969,0.00101239027060931,0.0125723150365019,0.00381984684071093,-0.00238199976494267
-0.000271193448600763,0.000891912515026432,0.00108428690528139,0.0135034168223,0.00410330670471526,-0.00255698035749832
-0.000311302813126991,0.0010240631489286,0.00115857163960775,0.014467746409749,0.00439696325090969,-0.00273799633854183
-0.000355695526913317,0.00117037474333783,0.00123522847027212,0.0154653011888957,0.00470082398700964,-0.00292502509532851
-0.000404664587333047,0.00133182399019108,0.00131423973734506,0.0164960784798243,0.00501489664513824,-0.00311804323194135
-0.00045851243618308,0.00150942009461998,0.00139558601384025,0.0175600755347839,0.00533918917820403,-0.00331702656977926
-0.000517550927984031,0.00170420476083271,0.00147924599171559,0.0186572895403906,0.00567370975616101,-0.00352195014806767
-0.000582101297218941,0.00191725217598391,0.00156519636432038,0.0197877176199028,0.00601846676215113,-0.00373278822439192
-0.000652494124507035,0.00214966899188635,0.00165341170528971,0.0209513568355718,0.00637346878853015,-0.00394951427525412
-0.000729069301709228,0.00240259430441421,0.0017438643438874,0.0221482041910659,0.00673872463277699,-0.00417210099665397
-0.000812175995962244,0.00267719963044292,0.00183652423679888,0.0233782566339698,0.0071142432932875,-0.00440052030469415
-0.00090217261263853,0.00297468888216691,0.00193135883637561,0.0246415110583584,0.00750003396505285,-0.00463474333621081
-0.000999426757229351,0.00329629833863178,0.00202833295533256,0.0259379643074459,0.00789610603522338,-0.00487474044942985
-0.00110431519614883,0.00364329661431364,0.00212740862790066,0.0272676131763095,0.00830246907855839,-0.00512048122464952
-0.00121722381645693,0.00401698462457404,0.002228544967436,0.0286304544146893,0.0087191328527625,-0.00537193446495003
-0.00133854758449986,0.00441869554781477,0.00233169802048781,0.0300264847298628,0.00914610729370922,-0.00562906819693068
-0.0014686905034666,0.00484979478415271,0.00243682061732751,0.0314557007895957,0.0095834025105524,-0.00589184967147536
-0.00160806556986071,0.00531167991043113,0.00254386221894097,0.032918099225168,0.0100310287807262,-0.00616024536454681
-0.00175709472888723,0.00580578063137937,0.00265276876048657,0.0344136766344766,0.0104889965448344,-0.00643422097801057
-0.0019162088287544,0.00633355872672938,0.00276348249122165,0.0359424295852133,0.0109573164014295,-0.00671374144048906
-0.0020858475738911,0.00689650799409337,0.0028759418109002,0.0375043546181201,0.0114359991016825,-0.0069987709082466
-0.00226645947708073,0.00749615418740311,0.00299008110264459,0.0390994482503197,0.0119250555439443,-0.007289272766106
-0.0024585018105134,0.00813405495070771,0.0031058305622948,0.0407277069787233,0.0124244967681995,-0.00758520962839745
-0.00266244055575833,0.00881179974712268,0.00322311602423818,0.0423891272835148,0.0129343339504123,-0.00788654333994038
-0.00287875035265925,0.00953100978271989,0.0033418587837235,0.0440837056317116,0.0134545783967675,-0.00819323497705898
-0.00310791444715618,0.010293337925144,0.00346197541566301,0.0458114384808027,0.0139852415378054,-0.00850524484863211
-0.00335042463803737,0.0111004686167373,0.00358337758992639,0.047572322282463,0.014526334922452,-0.00882253249717834
-0.00360678122262607,0.011954117781953,0.00370597188313088,0.0493663534863451,0.0150778702119466,-0.00914505669997675
-0.00387749294140737,0.0128560327288298,0.00382965958693198,0.051193528543948,0.0156398591736659,-0.00947277547022437
-0.004163076921601,0.013807992044303,0.00395433651281944,0.0530538439125632,0.0162123136748462,-0.00980564605823076
-0.00446405861968673,0.014811805483118,0.0040798927934233,0.0549472960592972,0.0167952456762061,-0.0101436249526507
-0.00478097176288979,0.0158693138501146,0.0042062126803354,0.0568738814651722,0.0173886672254674,-0.0104866678817555
-0.00511435828963427,0.0169823888756418,0.0043331743384516,0.0588335966293029,0.0179925904507792,-0.0108347298147438
-0.00546476828897357,0.0181529330838659,0.00446064963684049,0.0608264380731514,0.0186070275540425,-0.0111877649630928
-0.00583275993900742,0.0193828796537267,0.00458850393614471,0.0628524023448586,0.0192319908041395,-0.0115457267819497
-0.00621889944429585,0.0206741922722956,0.00471659587252096,0.0649114860236532,0.0198674925300656,-0.011908567971566
-0.00662376097228152,0.0220288649802897,0.00484477713812557,0.067003685724337,0.0205135451139684,-0.0122762404787727
-0.00704792658873233,0.023448922009487,0.00497289225815234,0.0691289981018483,0.0211701609840921,-0.0126486954985
-0.00749198619221729,0.0249364176117928,0.00510077836443004,0.0712874198559009,0.02183735260763,-0.0130258834753399
-0.00795653744762925,0.0264934358796988,0.00522826496558711,0.0734789477357008,0.0225151324834856,-0.0134077541051538
-0.00844218571876923,0.0281220905578788,0.00535517371379152,0.0757035785447392,0.0232035131349439,-0.0137942563367253
-0.00894954400000759,0.0298245248456593,0.00548131816807403,0.0779613091456616,0.0239025071022537,-0.0141853383734593
-0.00947923284703849,0.0316029111901049,0.0056065035542436,0.0802521364652139,0.0246121269351225,-0.014580947675127
-0.0100318803067446,0.0334594510694531,0.00573052652140396,0.0825760574992636,0.0253323851851248,-0.0149810309596597
-0.0106081218461901,0.0353963747666344,0.00585317489508068,0.0849330693178979,0.0260632943980259,-0.0153855342049891
-0.0112086002807611,0.0374159411326102,0.00597422742696881,0.0873231690705964,0.0268048671060213,-0.0157944026509383
-0.0118339657014722,0.0395204373392608,0.00609345354131105,0.0897463539914796,0.0275571158198944,-0.0162075808011607
-0.0124848754014615,0.0417121786215541,0.00621061307791739,0.0922026214046326,0.0283200530210927,-0.0166250124251301
-0.0131619938016932,0.0439935080087249,0.00632545603183707,0.0946919687295025,0.0290936911537247,-0.0170466405601814
-0.0138659923758919,0.0463667960441937,0.00643772228969474,0.097214393486371,0.0298780426164784,-0.0174724075136033
-0.0145975495747308,0.0488344404939529,0.00654714136270248,0.0997698933019007,0.0306731197544631,-0.0179022548647826
-0.0153573507492968,0.0513988660431499,0.0066534321163605,0.102358465914754,0.0314789348509758,-0.0183361234674016
-0.0161460880738591,0.0540625239805923,0.00675630249685924,0.104980109181288,0.0322955001191943,-0.01877395345169
-0.0169644604679647,0.0568278918709052,0.0068554492541965,0.107634821081315,0.0331228276937968,-0.0192156842267293
-0.0178131735178873,0.0596974732140673,0.00695055766202355,0.110322599723945,0.0339609296225125,-0.0196612544828135
-0.0186929393974578,0.0626737970920536,0.00704130123423469,0.11304344335349,0.0348098178576015,-0.0201106021938649
-0.0196044767883011,0.0657594178023144,0.00712734143831533,0.115797350355447,0.0356695042472681,-0.0205636646199052
-0.0205485107995103,0.0689569144778202,0.00720832740546415,0.118584319262544,0.0365400005270074,-0.021020378309584
-0.0215257728867847,0.0722688906934019,0.00728389563750557,0.121404348760863,0.0374213183108885,-0.0214806791027648
-0.0225370007710616,0.0756979740581198,0.00735366971060916,0.124257437696025,0.0383134690827746,-0.0219445021331674
-0.0235829383566726,0.0792468157933941,0.00741725997583333,0.127143585079449,0.0392164641874819,-0.0224117818310704
-0.0246643356490526,0.0829180902966327,0.00747426325651127,0.130062790094673,0.0401303148218801,-0.0228824519260712
-0.0257819486720343,0.0867144946900929,0.00752426254249759,0.133015052103749,0.041055032025935,-0.0233564454499061
-0.0269365393847577,0.0906387483547177,0.0075668266812949,0.136000370653694,0.0419906266736959,-0.0238336947393299
-0.0281288755982266,0.0946935924486886,0.00760151006608002,0.139018745483014,0.0429371094642286,-0.0243141314390564
-0.029359730891544,0.0988817894104399,0.00762785232065045,0.142070176528289,0.0438944909124973,-0.0247976865047595
-0.0306298845278571,0.103206122445884,0.007645377981312,0.145154663930824,0.0448627813401959,-0.0252842902061351
-0.0319401213700453,0.107669394999597,0.00765359617572967,0.148272208043351,0.0458419908665314,-0.0257738721300261
-0.0332912317961819,0.112274430209726,0.007652000298764,0.151422809436812,0.0468321293989609,-0.026266361183608
-0.0346840116148018,0.117024070346371,0.00764006768531639,0.154606468907179,0.0478332066238848,-0.0267616855976386
-0.0361192619800076,0.121921176233211,0.00761725928020713,0.157823187482354,0.0488452319972972,-0.0272597729297697
-0.037597789306445,0.126968626652139,0.007583019305111,0.161072966429109,0.0498682147353966,-0.0277605500679226
-0.039120405184179,0.132169317730687,0.0075367749225758,0.164355807260096,0.050902163805158,-0.0282639432337272
-0.040687926293502,0.137526162312014,0.0074779358971501,0.167671711740903,0.0519470879148689,-0.0287698779860253
-0.0423011743197047,0.143042089307248,0.00740589425364719,0.17102068189717,0.0530029955046322,-0.0292782792244384
-0.0439609758678389,0.148720043029964,0.00732002393257304,0.174402720021754,0.0540698947368354,-0.0297890711929998
-0.0456681623775022,0.154562982512616,0.00721968044274702,0.177817828681944,0.0551477934865921,-0.0303021774838519
-0.0474235700376722,0.160573880804705,0.00710420051114473,0.181266010726733,0.0562366993321546,-0.0308175210410091
-0.0492280397016191,0.166755724252514,0.0069729017299933,0.184747269294131,0.0573366195453018,-0.0313350241641851
-0.0510824168019221,0.17311151176022,0.0068250822011504,0.188261607818524,0.0584475610817037,-0.0318546085126874
-0.0529875512656151,0.179644254032222,0.00666002017779896,0.191809030038089,0.0595695305712653,-0.0323761951093761
-0.0549442974294867,0.186356972796509,0.00647697370349062,0.195389540002236,0.0607025343084521,-0.0328997043446902
-0.0569535139555564,0.193252700008927,0.00627518024857177,0.199003142079108,0.0618465782425992,-0.0334250559807387
-0.0590160637467483,0.200334477038195,0.00605385634402695,0.202649840963112,0.0630016679682064,-0.0339521691554593
-0.0611328138627824,0.207605353831541,0.0058121972127754,0.20632964168249,0.0641678087152223,-0.0344809623868427
-0.0633046354363002,0.215068388060823,0.00554937639845743,0.210042549606927,0.0653450053393193,-0.035011353577224
-0.0655324035892416,0.222726644249043,0.00526454539174837,0.213788570455197,0.0665332623121614,-0.0355432600176398
-0.0678169973494858,0.230583192877129,0.00495683325423861,0.217567710302834,0.0677325837116688,-0.0360765983922533
-0.0701592995677674,0.238641109470912,0.00462534623991957,0.221379975589847,0.0689429732122797,-0.0366112847828447
-0.0725601968348774,0.246903473668222,0.00426916741431621,0.225225373128447,0.0701644340752143,-0.0371472346733691
-0.0750205793991548,0.255373368266027,0.00388735627130785,0.229103910110817,0.0713969691387409,-0.037684362954581
-0.0775413410842724,0.264053878247572,0.00347894834768007,0.233015594116897,0.0726405808084489,-0.0382225839287247
-0.0801233792073178,0.272948089789486,0.00304295483545151,0.236960433122196,0.0738952710475299,-0.0387618113142917
-0.0827675944971656,0.282059089248826,0.00257836219202071,0.240938435505619,0.07516104136707,-0.0393019582508449
-0.0854748910131369,0.291389962130052,0.00208413174817873,0.244949610057323,0.0764378928163561,-0.0398429373039082
-0.0882461760639356,0.300943792031954,0.00155919931403497,0.248993965986576,0.0777258259731988,-0.0403846604699227
-0.0910823601268483,0.310723659574537,0.00100247478290446,0.25307151292964,0.079024840934274,-0.040927039181269
-0.0939843567671912,0.32073264130592,0.000412841733205935,0.25718226095766,0.080334937305487,-0.0414699843113552
-0.0969530825579833,0.3309738085893,-0.000210842971578512,0.261326220584561,0.0816561141923607,-0.0420134061797701
-0.09998945699982,0.341450226470061,-0.00086974958483052,0.265503402774959,0.0829883701904521,-0.0425572145575023
-0.103094402440918,0.352164952523127,-0.0015650758805562,0.269713818952063,0.0843317033757979,-0.0431013186722238
-0.106268843997295,0.363121035680664,-0.00229804755892634,0.273957481005589,0.0856861112953939,-0.0436456272136389
-0.109513709473052,0.374321515040269,-0.00306991865354066,0.278234401299672,0.0870515909577103,-0.0441900483388973
-0.112829929280702,0.385769418653813,-0.00388197194035935,0.282544592680764,0.0884281388232455,-0.0447344896780711
-0.116218436361503,0.397467762297089,-0.00473551934824393,0.286888068485539,0.0898157507951218,-0.0452788583396962
-0.119680166105747,0.409419548220486,-0.00563190237104833,0.291264842548778,0.091214422209725,-0.0458230609163761
-0.123216056272925,0.421627763880892,-0.00657249248119941,0.295674929211246,0.0926241478273929,-0.0463670034904501
-0.126827046911723,0.434095380655087,-0.00755869154470531,0.300118343327552,0.0940449218231524,-0.0469105916397223
-0.130514080279754,0.446825352534864,-0.00859193223752836,0.304595100273997,0.095476737777512,-0.0474537304432545
-0.134278100762972,0.459820614804202,-0.00967367846325798,0.309105215956391,0.0969195886673091,-0.0479963244872189
-0.138120054794658,0.473084082698784,-0.0108054257720178,0.313648706817852,0.0983734668566177,-0.0485382778708134
-0.1420408907739,0.486618650048206,-0.0119887017805399,0.31822558984658,0.0998383640877182,-0.0490794942122369
-0.146041558983462,0.500427187901253,-0.0132250665933369,0.322835882583595,0.101314271472133,-0.0496198766547239
-0.150123011506938,0.514512543134627,-0.0145161132249029,0.327479603130449,0.102801179481731,-0.0501593278726399
-0.154286202145073,0.528877537045561,-0.015863468022871,0.332156770156892,0.104299077939903,-0.0506977500776348
-0.158532086331133,0.543524963928761,-0.0172687910920548,0.33686740290851,0.105807956012812,-0.0512350450248541
-0.162861621045188,0.55845758963816,-0.0187337767192997,0.341611521214313,0.107327802200724,-0.0517711140192088
-0.167275764727181,0.573678150133999,-0.0202601537990677,0.346389145494275,0.108858604329415,-0.052305857921701
-0.171775477188625,0.589189350015775,-0.0218496862596795,0.351200296766836,0.110400349541667,-0.0528391771558066
-0.176361719522778,0.604993861041627,-0.023504173490134,0.356044996656337,0.11195302428885,-0.0533709717139128
-0.181035454013136,0.621094320634772,-0.0252254507674254,0.36092326740041,0.113516614322594,-0.0539011411638102
-0.18579764404007,0.637493330377619,-0.0270153896842765,0.365835131857305,0.115091104686555,-0.0544295846552397
-0.190649253985419,0.65419345449425,-0.0288758985772046,0.370780613513153,0.116676479708277,-0.0549562009264911
-0.195591249134861,0.671197218321963,-0.0308089229548348,0.375759736489166,0.118272722991161,-0.0554808883110554
-0.200624595577851,0.688507106772624,-0.0328164459263754,0.380772525548766,0.119879817406527,-0.0560035447443273
-0.205750260104921,0.706125562784601,-0.0349004886301657,0.385819006104636,0.121497745085791,-0.0565240677703589
-0.210969210102127,0.724054985766118,-0.0370631106622092,0.390899204225708,0.123126487412751,-0.0570423545486631
-0.216282413442403,0.742297730030846,-0.0393064105045978,0.396013146644055,0.124766025015981,-0.0575583018610648
-0.221690838373595,0.760856103226659,-0.0416325259537382,0.401160860761709,0.126416337761351,-0.058071806118601
-0.22719545340292,0.779732364758461,-0.0440436345482818,0.406342374657392,0.128077404744659,-0.0585827633684667
-0.232797227177584,0.798928724206072,-0.0465419539966665,0.411557717093147,0.129749204284391,-0.059091069301007
-0.238497128361303,0.818447339738171,-0.0491297426041691,0.41680691752089,0.131431713914604,-0.0595966192567535
-0.244296125506437,0.838290316523361,-0.0518092996993717,0.422090006088848,0.133124910377946,-0.0600993082335046
-0.250195186921444,0.858459705139442,-0.0545829660599395,0.427407013647905,0.134828769618799,-0.0605990308934485
-0.256195280533359,0.878957499982041,-0.0574531243376086,0.432757971757842,0.13654326677657,-0.0610956815703264
-0.26229737374498,0.899785637673766,-0.0604221994822787,0.438142912693464,0.138268376179113,-0.0615891542766377
-0.268502433286443,0.920945995475129,-0.0634926591651049,0.443561869450617,0.1400040713363,-0.0620793427108824
-0.274811425060841,0.942440389698497,-0.0666670142004824,0.449014875752089,0.141750324933736,-0.0625661402648427
-0.281225313983557,0.964270574126385,-0.0699478189668118,0.45450196605339,0.143507108826628,-0.0630494400309003
-0.287745063814942,0.986438238435479,-0.0733376718259374,0.460023175548408,0.1452743940338,-0.0635291348093891
-0.294371636985974,1.00894500662776,-0.0768392155411427,0.46557854017494,0.147052150731874,-0.0640051171159823
-0.301105994416524,1.03179243547025,-0.0804551376935915,0.47116809662009,0.148840348249604,-0.0644772791891114
-0.307949095325841,1.05498201294478,-0.0841881710970955,0.476791882325533,0.150638955062377,-0.064945512997417
-0.314901897034849,1.07851515670951,-0.0880410942110932,0.482449935492638,0.152447938786884,-0.065409710247229
-0.32196535475985,1.10239321257362,-0.0920167315517177,0.488142295087457,0.154267266175949,-0.0658697623900755
-0.329140421397219,1.12661745298691,-0.096117954100835,0.493869000845559,0.156096903113551,-0.0663255606302182
-0.336428047298653,1.15118907554613,-0.100347679712927,0.49963009327672,0.157936814610001,-0.0667769959322133
-0.343829180036527,1.17610920151955,-0.104708873519695,0.505425613669463,0.15978696479732,-0.0672239590284964
-0.351344764158929,1.20137887439183,-0.109204548332259,0.511255604095433,0.161647316924781,-0.0676663404269892
-0.358975740933882,1.22699905843091,-0.113837765040822,0.517120107413621,0.163517833354657,-0.0681040304187266
-0.36672304808231,1.25297063727888,-0.118611633011666,0.523019167274424,0.16539847555814,-0.0685369190855036
-0.374587619499256,1.27929441256876,-0.12352931048136,0.52895282812353,0.167289204111468,-0.0689648963075381
-0.38257038496286,1.30597110256939,-0.12859400494803,0.534921135205642,0.169189978692242,-0.0693878517711498
-0.390672269830611,1.33300134086019,-0.133808973559566,0.540924134568027,0.171100758075942,-0.0698056749764524
-0.398894194722362,1.36038567503825,-0.139177523498627,0.546961873063884,0.173021500132647,-0.0702182552450576
-0.407237075189595,1.38812456545978,-0.144703012364306,0.553034398355535,0.174952161823962,-0.0706254817277889
-0.415701821370414,1.41621838401809,-0.150388848550305,0.559141758917433,0.176892699200153,-0.0710272434124028
-0.424289337629744,1.44466741296065,-0.156238491619493,0.565284004038982,0.178843067397493,-0.0714234291313162
-0.433000522184204,1.4734718437473,-0.16225545267469,0.571461183827167,0.180803220635826,-0.0718139275693376
-0.441836266711098,1.50263177595224,-0.168443294725541,0.577673349208996,0.182773112216346,-0.0721986272713999
-0.450797455941012,1.53214721621216,-0.174805633051315,0.583920551933737,0.184752694519599,-0.0725774166502918
-0.459884967233425,1.56201807722303,-0.181346135559506,0.590202844574967,0.18674191900371,-0.072950183994388
-0.469099670134826,1.59224417678823,-0.18806852314006,0.596520280532411,0.188740736202833,-0.073316817475373
-0.478442425918746,1.62282523692052,-0.194976570015092,0.602872914033582,0.190749095725835,-0.0736772051559579
-0.487914087107159,1.65376088300064,-0.202074104083922,0.60926080013521,0.192766946255214,-0.0740312349975876
-0.497515496972703,1.68505064299527,-0.209365007263296,0.615683994724464,0.194794235546245,-0.0743787948681354
-0.507247489021135,1.71669394673711,-0.21685321582261,0.622142554519963,0.19683091042637,-0.0747197725495829
-0.517110886453486,1.74869012526998,-0.224542720713997,0.628636537072568,0.198876916794831,-0.0750540557456821
-0.527106501607332,1.78103841026188,-0.232437567897098,0.635166000765959,0.200932199622538,-0.0753815320895979
-0.537235135376642,1.81373793348883,-0.240541858658375,0.641731004816995,0.202996702952191,-0.0757020891515272
-0.547497576609636,1.84678772639278,-0.248859749924775,0.648331609275849,0.205070369898647,-0.0760156144462922
-0.557894601484107,1.8801867197163,-0.257395454571608,0.654967875025923,0.207153142649535,-0.0763219954409054
-0.568426972859659,1.91393374321755,-0.266153241724444,0.661639863783532,0.209244962466132,-0.0766211195621027
-0.579095439606329,1.94802752546844,-0.275137437054879,0.668347638097369,0.211345769684485,-0.0769128742038413
-0.589900735909053,1.98246669373925,-0.284352423069989,0.675091261347734,0.213455503716796,-0.0771971467347606
-0.600843580547449,2.01724977397316,-0.293802639395298,0.681870797745536,0.215574103053066,-0.077473824505601
-0.611924676150429,2.0523751908537,-0.303492583051102,0.688686312331062,0.217701505263001,-0.0777427948565785
-0.623144708425106,2.08784126796883,-0.313426808721944,0.695537870972513,0.219837646998179,-0.0780039451247114
-0.634504345359542,2.12364622807479,-0.323609929019094,0.702425540364306,0.221982463994481,-0.0782571626510952
-0.646004236398831,2.15978819346331,-0.334046614735836,0.709349388025143,0.2241358910748,-0.0785023347881225
-0.657645011594094,2.19626518643565,-0.344741595095384,0.716309482295836,0.226297862152001,-0.0787393489066439
-0.669427280723926,2.23307512988705,-0.355699657991253,0.723305892336906,0.228468310232167,-0.0789680924030662
-0.681351632387873,2.27021584800504,-0.366925650219898,0.730338688125938,0.230647167418109,-0.0791884527063837
-0.693418633071566,2.30768506708541,-0.378424477705433,0.737407940454697,0.232834364913146,-0.0794003172851388
-0.70562882618311,2.34548041646927,-0.390201105716251,0.744513720926013,0.23502983302517,-0.0796035736543076
-0.717982731060394,2.38359942960513,-0.402260559073353,0.751656101950419,0.237233501170971,-0.0797981093821061
-0.730480841948994,2.42203954523942,-0.4146079223502,0.758835156742562,0.239445297880852,-0.0799838120967132
-0.743123626950376,2.46079810873946,-0.427248340063902,0.766050959317366,0.241665150803512,-0.0801605694929044
-0.755911526940136,2.49987237355245,-0.440187016857542,0.773303584485966,0.243892986711209,-0.0803282693385938
-0.768844954456045,2.53925950280433,-0.45342921767346,0.780593107851401,0.2461287315052,-0.0804867994812777
-0.781924292555702,2.57895657104226,-0.466980267917291,0.787919605804078,0.248372310221461,-0.0806360478543755
-0.795149893643643,2.61896056612467,-0.480845553612566,0.795283155516993,0.250623647036681,-0.0807759024834633
-0.808522078267776,2.65926839126249,-0.495030521545685,0.802683834940728,0.252882665274542,-0.0809062514923946
-0.822041133885071,2.69987686721552,-0.509540679401059,0.810121722798213,0.255149287412266,-0.0810269831093023
-0.835707313596475,2.7407827346478,-0.524381595886237,0.817596898579263,0.25742343508745,-0.0811379856724773
-0.849520834851053,2.78198265664571,-0.5395589008468,0.825109442534879,0.259705029105172,-0.0812391476361182
-0.863481878119419,2.82347322140266,-0.555078285370844,0.832659435671335,0.261993989445378,-0.0813303575759454
-0.877590585536583,2.86525094507425,-0.570945501882838,0.840246959744035,0.264290235270539,-0.0814115041946741
-0.891847059514351,2.90731227480763,-0.587166364226662,0.847872097251158,0.266593684933584,-0.0814824763273407
-0.906251361323533,2.94965359194886,-0.603746747737627,0.855534931427077,0.268904255986114,-0.0815431629464757
-0.920803509646207,2.99227121543203,-0.620692589303267,0.863235546235575,0.271221865186872,-0.0815934531671166
-0.935503479098406,3.03516140535392,-0.638009887412708,0.870974026362845,0.273546428510502,-0.0816332362516556
-0.950351198723611,3.07832036673779,-0.655704702194412,0.878750457210285,0.275877861156554,-0.0816624016145128
-0.965346550457547,3.12174425349007,-0.67378315544208,0.886564924887095,0.278216077558776,-0.0816808388266312
-0.980489367564793,3.16542917255348,-0.692251430628529,0.894417516202674,0.280560991394654,-0.0816884376197841
-0.995779433047843,3.20937118826017,-0.711115772907321,0.902308318658823,0.282912515595219,-0.0816850878906884
-1.01121647802929,3.25356632688836,-0.730382489101957,0.910237420441765,0.285270562355108,-0.081670679704917
-1.02680018010792,3.29801058142596,-0.750057947682407,0.918204910413977,0.287635043142886,-0.0816451033006023
-1.0425301616895,3.34269991654439,-0.7701485787288,0.926210878105849,0.290005868711606,-0.0816082490919225
-1.05840598829329,3.38763027378611,-0.790660873882047,0.934255413707171,0.292382949109632,-0.0815600076723645
-1.07442716683519,3.4327975769688,-0.811601386281197,0.942338608058451,0.294766193691688,-0.0815002698177534
-1.09059314388868,3.47819773780946,-0.832976730487332,0.950460552642084,0.297155511130161,-0.081428926489042
-1.10690330392471,3.52382666177139,-0.85479358239377,0.958621339573355,0.299550809426623,-0.0813458688348505
-1.12335696753192,3.56968025413678,-0.877058679122408,0.966821061591311,0.301951995923597,-0.0812509881937497
-1.13995338961837,3.615754426308,-0.899778818905965,0.975059812049483,0.304358977316528,-0.0811441760962772
-1.15669175759652,3.66204510233982,-0.922960860955937,0.983337684906488,0.306771659665991,-0.0810253242666781
-1.17357118955282,3.70854822570537,-0.946611725316065,0.991654774716501,0.309189948410097,-0.0808943246243622
-1.19059073240376,3.75525976629808,-0.9707383927011,1.00001117661962,0.311613748377107,-0.0807510692850679
-1.20774936004002,3.80217572767173,-0.995347904320666,1.00840698633212,0.314042963798252,-0.0805954505617222
-1.22504597146081,3.84929215452074,-1.02044736168802,1.0168423001366,0.316477498320732,-0.0804273609649892
-1.2424793889002,3.8966051404025,-1.04604392641353,1.02531721487209,0.318917255020911,-0.080246693203497
-1.26004835594778,3.94411083570344,-1.07214481998259,1.033831827924,0.321362136417682,-0.0800533401837315
-1.27775153566571,3.99180545585025,-1.09875732351789,1.04238623721408,0.323812044485999,-0.0798471950095891
-1.2955875087047,4.03968528976755,-1.12588877752575,1.05098054119027,0.326266880670574,-0.0796281509815776
-1.31355477142121,4.08774670858313,-1.15354658162636,1.05961483881653,0.328726545899722,-0.0793961015956543
-1.33165173399863,4.13598617458139,-1.18173819426772,1.06828922956262,0.331190940599343,-0.0791509405416915
-1.34987671857517,4.18440025040578,-1.21047113242306,1.07700381339386,0.333659964707039,-0.0788925617015591
-1.36822795738117,4.23298560851033,-1.23975297127161,1.08575869076088,0.336133517686358,-0.0786208591468127
-1.38670359088895,4.28173904086059,-1.26959134386247,1.09455396258933,0.338611498541134,-0.0783357271359777
-1.4053016659783,4.3306574688835,-1.29999394076139,1.1033897302697,0.341093805829939,-0.0780370601114173
-1.42402013412082,4.37973795366584,-1.33096850968029,1.112266095647,0.343580337680618,-0.0777247526957739
-1.44285684958644,4.42897770640049,-1.36252285508938,1.12118316101067,0.346070991804897,-0.0773986996879733
-1.46180956767576,4.4783740990792,-1.39466483781155,1.13014102908435,0.348565665513058,-0.0770587960587799
-1.48087594298173,4.52792467543063,-1.42740237459903,1.13913980301584,0.351064255728664,-0.0767049369458911
-1.50005352768449,4.57762716210166,-1.46074343769195,1.14817958636707,0.353566659003316,-0.0763370176485617
-1.51933976988326,4.62747948008009,-1.49469605435884,1.15726048310421,0.356072771531436,-0.0759549336217447
-1.53873201196943,4.67747975635597,-1.52926830641865,1.1663825975878,0.358582489165058,-0.075558580469738
-1.5582274890448,4.72762633581882,-1.56446832974428,1.17554603456309,0.361095707428614,-0.0751478539393263
-1.57782332738953,4.77791779338743,-1.60030431374744,1.18475089915043,0.363612321533691,-0.0747226499124055
-1.59751654298413,4.82835294636855,-1.63678450084456,1.19399729683588,0.366132226393755,-0.0742828643980794
-1.61730404008997,4.8789308670404,-1.67391718590372,1.20328533346191,0.368655316638822,-0.073828393524216
-1.63718260989328,4.92965089545638,-1.7117107156723,1.21261511521831,0.371181486630049,-0.0733591335284543
-1.65714892921717,4.98051265246405,-1.75017348818535,1.22198674863328,0.373710630474244,-0.0728749807486472
-1.6771995593069,5.03151605293398,-1.78931395215433,1.23140034056477,0.376242642038262,-0.0723758316127324
-1.69733094469332,5.08266131919245,-1.82914060633624,1.24085599819196,0.378777414963278,-0.0718615826280183
-1.71753941213974,5.13394899465163,-1.86966199888288,1.25035382900704,0.381314842678915,-0.0713321303698744
-1.73782116967768,5.18537995763032,-1.91088672667015,1.25989394080723,0.383854818417202,-0.0707873714698158
-1.75817230573672,5.23695543535785,-1.95282343460718,1.26947644168705,0.386397235226354,-0.0702272026029709
-1.77858878837426,5.28867701815315,-1.99548081492524,1.2791014400309,0.388941985984337,-0.0696515204749214
-1.79906646461075,5.34054667377043,-2.03886760644621,1.28876904450592,0.391488963412209,-0.069060221807905
-1.8196010598761,5.39256676190251,-2.08299259383055,1.29847936405519,0.394038060087215,-0.0684532033263709
-1.8401881775734,5.44474004883211,-2.12786460680453,1.30823250789127,0.396589168455602,-0.0678303617418775
-1.86082329876563,5.49706972222087,-2.17349251936677,1.31802858549,0.399142180845144,-0.0671915937373237
-1.88150178199169,5.54955940602531,-2.21988524897378,1.32786770658486,0.401696989477343,-0.0665367959505045
-1.90221886321771,5.60221317552834,-2.26705175570454,1.33774998116146,0.404253486479294,-0.0658658649569821
-1.92296965593006,5.65503557247417,-2.31500104140389,1.34767551945268,0.406811563895171,-0.0651786972522644
-1.94374915137622,5.70803162029412,-2.36374214880472,1.357644431934,0.40937111369733,-0.0644751892332819
-1.96455221895989,5.76120683940982,-2.4132841606288,1.36765682931947,0.411932027796987,-0.0637552371791581
-1.98537360679696,5.81456726260004,-2.46363619866616,1.37771282255794,0.414494198054449,-0.0630187372312632
-2.00620794243851,5.86811945041624,-2.514807422833,1.38781252282987,0.417057516288875,-0.0622655853725474
-2.02704973376758,5.92187050663187,-2.56680703020787,1.39795604154458,0.419621874287537,-0.0614956774061468
-2.04789337007625,5.97582809370914,-2.6196442540463,1.40814349033798,0.422187163814548,-0.0607089089332561
-2.06873312332943,6.03000044826667,-2.67332836277358,1.41837498107085,0.42475327661904,-0.0599051753302658
-2.08956314962208,6.08439639653075,-2.72786865895568,1.42865062582757,0.427320104442748,-0.059084371725157
-2.11037749083639,6.13902536975185,-2.78327447824837,1.43897053691544,0.429887539026983,-0.0582463929731538
-2.13117007650548,6.19389741956787,-2.83955518832432,1.44933482686455,0.432455472118961,-0.0573911336316284
-2.15193472589013,6.24902323329435,-2.89672018777821,1.45974360842815,0.435023795477449,-0.0565184879342597
-2.172665150275,6.3044141491215,-2.95477890500982,1.47019699458367,0.43759240087771,-0.0556283497644432
-2.19335495549095,6.36008217119702,-3.01374079708499,1.48069509853428,0.440161180115702,-0.0547206126279533
-2.21399764466954,6.41603998457299,-3.07361534857458,1.49123803371105,0.442730025011517,-0.05379516962486
-2.23458662123637,6.47230096999436,-3.13441207037114,1.50182591377571,0.445298827412003,-0.0528519134207012
-2.25511519214906,6.5288792185058,-3.19614049848359,1.51245885262406,0.447867479192562,-0.0518907362169152
-2.27557657138637,6.58578954585296,-3.25881019280965,1.52313696438994,0.450435872258069,-0.0509115297205378
-2.29596388369402,6.64304750665355,-3.32243073588612,1.53386036344993,0.453003898542894,-0.04991418511317
-2.31627016859338,6.70066940831257,-3.38701173161708,1.54462916442856,0.455571450009986,-0.0488985930192237
-2.33648838465842,6.75867232465582,-3.45256280397986,1.55544348220432,0.458138418648982,-0.047864643473453
-2.35661141406657,6.81707410925453,-3.51909359570895,1.56630343191616,0.460704696473319,-0.0468122258877836
-2.37663206742865,6.87589340841363,-3.58661376695786,1.57720912897075,0.463270175516291,-0.0457412290174483
-2.39654308890302,6.93514967379521,-3.65513299393881,1.5881606890504,0.465834747826048,-0.0446515409264449
-2.4163371615987,6.99486317464815,-3.72466096754059,1.59915822812156,0.468398305459467,-0.0435430489523288
-2.43600691327203,7.05505500961419,-3.79520739192431,1.61020186244406,0.470960740474888,-0.0424156396703576
-2.4555449223213,7.11574711807983,-3.86678198309738,1.62129170858097,0.47352194492366,-0.0412691988570061
-2.47494372408301,7.17696229104302,-3.93939446746565,1.6324278834091,0.476081810840474,-0.0401036114528699
-2.49419581743383,7.23872418146281,-4.01305458036377,1.6436105041302,0.478640230232441,-0.0389187615249819
-2.5132936717012,7.30105731405943,-4.08777206456396,1.65483968828276,0.481197095066873,-0.0377145322285626
-2.53222973388578,7.3639870945317,-4.16355666876325,1.6661155537545,0.483752297257745,-0.0364908057682318
-2.55099643619815,7.42753981815807,-4.24041814604921,1.6774382187954,0.486305728650792,-0.0352474633587089
-2.56958620391197,7.49174267774693,-4.31836625234443,1.68880780203147,0.488857281007206,-0.033984385185032
-2.58799146353526,7.55662377090127,-4.39741074482976,1.70022442247901,0.491406845985896,-0.0327014503623273
-2.60620465130097,7.62221210656226,-4.47756138034654,1.71168819955954,0.493954315124287,-0.0313985368951644
-2.62421822197774,7.68853761079575,-4.55882791377788,1.72319925311528,0.496499579817597,-0.0300755216365345
-2.64202465800077,7.75563113178516,-4.64122009640916,1.73475770342518,0.499042531296588,-0.0287322802464899
-2.65961647892282,7.82352444399393,-4.72474767426802,1.74636367122148,0.501583060603732,-0.027368687150488
-2.67698625118401,7.89225025145991,-4.80942038644384,1.75801727770677,0.50412105856776,-0.0259846154974849
-2.69412659819929,7.96184219018422,-4.89524796338708,1.76971864457162,0.506656415776577,-0.0245799371178241
-2.71103021076115,8.03233482957606,-4.98224012518849,1.78146789401253,0.509189022548489,-0.0231545224809739
-2.72768985775484,8.10376367291524,-5.07040657983859,1.79326514875039,0.511718768901714,-0.0217082406531635
-2.74409839718268,8.17616515679356,-5.15975702146746,1.80511053204934,0.514245544522151,-0.0202409592549766
-2.76024878749304,8.24957664949595,-5.25030112856519,1.81700416773594,0.516769238729364,-0.0187525444189604
-2.77613409920923,8.32403644828225,-5.34204856218317,1.82894618021869,0.519289740440761,-0.0172428607473139
-2.79174752685237,8.39958377553018,-5.43500896411655,1.84093669450777,0.521806938133924,-0.01571177126972
-2.80708240115179,8.47625877369998,-5.5291919550679,1.8529758362351,0.524320719807072,-0.0141591374013916
-2.82213220153547,8.55410249908129,-5.62460713279276,1.86506373167448,0.526830972937612,-0.0125848189014043
-2.83689056889231,8.63315691428257,-5.72126407022684,1.87720050776189,0.529337584438773,-0.0109886738313914
-2.85135131859696,8.7134648794237,-5.81917231359569,1.88938629211592,0.531840440614271,-0.00937055851468173
-2.86550845378724,8.79507014199235,-5.9183413805067,1.90162121305811,0.534339427110991,-0.00773032749596317
-2.87935617888287,8.87801732532487,-6.01878075802404,1.91390539963329,0.536834428869666,-0.00606783350156016
-2.89288891333366,8.96235191567286,-6.12049990072676,1.92623898162984,0.539325330073511,-0.00438292740041535
-2.90610130558384,9.04812024781661,-6.22350822875038,1.93862208959967,0.541812014094809,-0.00267545816587142
-2.91898824723856,9.13536948918738,-6.32781512581237,1.95105485487803,0.544294363439416,-0.0009452728383519
-2.93154488741715,9.2241476224604,-6.43342993722179,1.96353740960292,0.54677225968917,0.000807783510955344
-2.94376664727687,9.31450342658163,-6.54036196787366,1.97606988673411,0.549245583442179,0.0025838678153046
-2.95564923468968,9.40648645619122,-6.64862048022823,1.98865242007161,0.551714214250983,0.00438313904637669
-2.96718865905313,9.500147019408,-6.75821469227562,2.00128514427362,0.554178030558566,0.00620575824692504
-2.97838124621572,9.5955361539395,-6.86915377548637,2.01396819487371,0.556636909632206,0.00805188856196276
-2.98922365349537,9.69270560148319,-6.98144685274814,2.02670170829723,0.559090727495157,0.0099216952683654
-2.99971288476875,9.79170778038545,-7.0951029962891,2.03948582187684,0.56153935885615,0.0118153458027597
-3.00984630560768,9.89259575652579,-7.21013122558845,2.05232067386703,0.563982677036702,0.0137330097875636
-3.01962165843754,9.99542321239507,-7.32654050527448,2.06520640345748,0.566420553896248,0.0156748590550388
-3.02903707769145,10.1002444143374,-7.44433974301075,2.07814315078527,0.568852859755059,0.0176410676692116
-3.03809110493236,10.2071141779273,-7.56353778737073,2.09113105694563,0.571279463314986,0.0196318119455125
-3.04678270391392,10.3160878314541,-7.68414342570152,2.1041702640013,0.573700231578004,0.0216472704679832
-3.0551112755496,10.4272211774882,-7.80616538197714,2.11726091499015,0.57611502976257,0.0236876241038892
-3.06307667275812,10.5405704525049,-7.92961231464179,2.13040315393119,0.578523721217813,0.0257530560155774
-3.07067921515157,10.6561922845432,-8.05449281444384,2.14359712582855,0.580926167335553,0.0278437516694082
-3.07791970353138,10.7741436488781,-8.1808154022609,2.15684297667348,0.583322227460173,0.0299598988415899
-3.08479943415581,10.8944818216893,-8.30858852691657,2.17014085344413,0.585711758796357,0.032101687620736
-3.09132021274076,11.0172643317082,-8.43782056298955,2.18349090410296,0.588094616314716,0.0342693104069619
-3.09748436815468,11.1425489098291,-8.5685198086156,2.19689327759161,0.590470652655335,0.0364629619073331
-3.10329476576646,11.2703934366729,-8.70069448328286,2.21034812382315,0.592839718029246,0.0386828391274704
-3.10875482040384,11.400855888093,-8.83435272562143,2.22385559367136,0.595201660117891,0.0409291413591145
-3.11386850887814,11.5339942786162,-8.96950259118742,2.23741583895701,0.597556323970581,0.0432020701634448
-3.11864038202993,11.6698666028153,-9.10615205024253,2.25102901243093,0.599903551900009,0.0455018293499457
-3.12307557624819,11.8085307746095,-9.24430898552943,2.26469526775359,0.602243183375854,0.0478286249506066
-3.12717982441452,11.9500445644966,-9.3839811900439,2.27841475947114,0.604575054916526,0.0501826651892359
-3.13095946622209,12.0944655347191,-9.52517636480414,2.29218764298753,0.606898999979099,0.0525641604456689
-3.1344214578175,12.241850972373,-9.66790211661814,2.30601407453272,0.609214848847499,0.0549733232146398
-3.13757338071258,12.3922578204708,-9.81216595584965,2.31989421112656,0.611522428518997,0.0574103680590873
-3.14042344991113,12.5457426069717,-9.95797529418359,2.33382821053822,0.613821562589088,0.0598755115576571
-3.14298052119475,12.7023613717983,-10.1053374423915,2.34781623124104,0.616112071134806,0.0623689722461612
-3.14525409750999,12.862169591862,-10.2542596080975,2.36185843236239,0.618393770596582,0.0648909705527493
-3.14725433439809,13.025222104122,-10.4047488935468,2.37595497362839,0.620666473658688,0.0674417287265449
-3.14899204440687,13.1915730267087,-10.5568122933748,2.3901060153034,0.622929989128398,0.0700214707594936
-3.15047870042352,13.3612756781459,-10.710456692381,2.40431171812374,0.625184121813923,0.0726304223011695
-3.15172643786521,13.5343824947098,-10.8656888633055,2.41857224322571,0.627428672401237,0.0752688105662813
-3.15274805566403,13.7109449459688,-11.0225154646107,2.43288775206745,0.629663437329892,0.0779368642346178
-3.15355701598098,13.8910134485517,-11.180943038268,2.44725840634451,0.631888208667943,0.0806348133431693
-3.15416744258323,14.0746372781961,-11.3409780075512,2.46168436789881,0.634102773986086,0.083362889170161
-3.15459411781783,14.2618644801377,-11.5026266748363,2.4761657986208,0.636306916231137,0.0861213241107311
-3.15485247811405,14.452741777899,-11.6658952194095,2.49070286034452,0.638500413598991,0.0889103515439858
-3.15495860794619,14.6473144805504,-11.8307896952836,2.50529571473529,0.640683039407185,0.0917302056911645
-3.15492923218788,14.8456263885133,-11.9973160290241,2.51994452316985,0.642854561967213,0.0945811214646446
-3.15478170678844,15.0477196979868,-12.1654800175855,2.53464944660862,0.645014744456751,0.0974633343075198
-3.15453400770174,15.2536349040828,-12.3352873261585,2.54941064545985,0.647163344791932,0.100377080023485
-3.1542047179978,15.4634107027591,-12.5067434860302,2.56422827943537,0.649300115499856,0.103322594596759
-3.15381301308714,15.6770838916485,-12.6798538924556,2.57910250739777,0.651424803591487,0.106300114001792
-3.15337864398854,15.8946892698864,-12.8546238025445,2.59403348719869,0.653537150435138,0.109309874002483
-3.15292191857091,16.1162595370461,-13.0310583331621,2.60902137550791,0.655636891630708,0.112352109940666
-3.1524636807006,16.3418251912977,-13.2091624588456,2.62406632763319,0.65772375688488,0.115427056513607
-3.15202528722651,16.5714144269122,-13.3889410097369,2.63916849733042,0.659797469887488,0.118534947540265
-3.15162858273616,16.8050530312399,-13.5703986695331,2.65432803660387,0.661857748189236,0.121676015716083
-3.15129587201733,17.0427642812982,-13.753539973455,2.6695450954965,0.663904303081023,0.124850492356079
-3.15104989016134,17.2845688401109,-13.9383693062348,2.68481982186985,0.665936839475074,0.128058607126002
-3.15091377024602,17.5304846529482,-14.1248909001244,2.70015236117345,0.667955055788115,0.131300587761362
-3.15091100853836,17.7805268436234,-14.3131088329239,2.71554285620353,0.66995864382685,0.134576659774114
-3.15106542715946,18.0347076110079,-14.5030270260331,2.73099144685081,0.671947288675963,0.137887046146815
-3.15140113415712,18.2930361259367,-14.6946492425251,2.74649826983717,0.673920668588935,0.141231967014074
-3.15194248093438,18.5555184286788,-14.8879790852443,2.76206345844113,0.675878454881909,0.144611639331145
-3.15271401698615,18.8221573271579,-15.0830199949289,2.77768714221186,0.677820311830904,0.148026276529508
-3.15374044189952,19.0929522961139,-15.2797752483597,2.79336944667171,0.679745896572644,0.151476088159305
-3.15504655457791,19.3678993774022,-15.478247956535,2.80911049300701,0.681654859009301,0.154961279518555
-3.15665719965373,19.6469910816377,-15.6784410628737,2.82491039774721,0.683546841717439,0.158482051269019
-3.15859721105939,19.9302162913922,-15.8803573414468,2.8407692724321,0.685421479861474,0.16203859903869
-3.16089135273185,20.2175601661659,-16.0839993952384,2.85668722326727,0.687278401111957,0.165631113010844
-3.16356425643232,20.5090040493566,-16.2893696544377,2.87266435076753,0.689117225568999,0.169259777499657
-3.16664035666859,20.8045253774582,-16.4964703747625,2.88870074938858,0.690937565691162,0.172924770512386
-3.1701438227149,21.1040975917264,-16.7053036358142,2.90479650714667,0.692739026230162,0.176626263298181
-3.17409848773148,21.4076900525545,-16.9158713394682,2.92095170522656,0.694521204171698,0.180364419883583
-3.17852777499383,21.7152679568092,-17.1281752082966,2.93716641757768,0.696283688682777,0.184139396594836
-3.1834546212504,22.0267922583804,-17.3422167840278,2.9534407104988,0.698026061065866,0.187951341567158
-3.18890139723606,22.3422195922059,-17.5579974260421,2.96977464221116,0.699747894720243,0.191800394241144
-3.19488982537865,22.6615022020344,-17.7755183099039,2.98616826242047,0.701448755110888,0.195686684846539
-3.20144089474544,22.9845878721968,-17.9947804259332,3.00262161186791,0.703128199745296,0.19961033387365
-3.20857477328741,23.3114198636575,-18.2157845778156,3.0191347218704,0.704785778158564,0.203571451532686
-3.21631071744999,23.6419368546229,-18.4385313812528,3.0357076138506,0.706421031907128,0.207570137201419
-3.22466697923061,23.9760728859847,-18.6630212626538,3.05234029885683,0.708033494571528,0.211606478861529
-3.2336607107758,24.3137573118813,-18.8892544578689,3.06903277707354,0.70962269176856,0.215680552524125
-3.24330786662287,24.6549147556564,-19.1172310109659,3.0857850373226,0.711188141173199,0.219792421644931
-3.25362310370451,24.9994650715028,-19.3469507730505,3.10259705655616,0.712729352550663,0.223942136529689
-3.26461967924842,25.3473233120707,-19.5784134011317,3.11946879934149,0.714245827798983,0.228129733730421
-3.27630934671792,25.6983997023261,-19.8116183570326,3.13640021733851,0.715737061002466,0.232355235433202
-3.28870224995406,26.0525996199402,-20.0465649063485,3.15339124877073,0.71720253849639,0.23661864883818
-3.30180681569478,26.409823582487,-20.2832521174516,3.17044181789033,0.718641738943318,0.240919965532648
-3.31562964466165,26.7699672417268,-20.5216788605449,3.1875518344382,0.720054133421369,0.24525916085801
-3.33017540142065,27.1329213852442,-20.7618438067652,3.20472119309983,0.721439185524804,0.249636193271558
-3.34544670323893,27.4985719457074,-21.0037454273366,3.22194977295804,0.722796351477258,0.254051003704056
-3.36144400817576,27.8668000180068,-21.2473819927745,3.2392374369434,0.724125080257962,0.25850351491416
-3.37816550266209,28.2374818845237,-21.492751572142,3.2565840312837,0.725424813741264,0.262993630840793
-3.39560698883931,28.6104890487705,-21.7398520323591,3.27398938495323,0.726694986849751,0.267521235954656
-3.4137617719443,28.9856882776344,-21.9886810375655,3.29145330912349,0.727935027721291,0.272086194610105
-3.43262054804403,29.3629416524432,-22.2392360485377,3.3089755966162,0.729144357890236,0.276688350398712
-3.45217129243923,29.7421066290616,-22.4915143221615,3.32655602136026,0.730322392483078,0.281327525505882
-3.47239914907249,30.123036107208,-22.7455129109609,3.3441943378538,0.731468540428788,0.28600352007195
-3.49328632129187,30.5055785091707,-23.0012286626834,3.36189028063306,0.732582204684048,0.290716111559269
-3.51481196433629,30.8895778680811,-23.2586582199433,3.37964356374923,0.733662782473604,0.295465054126843
-3.5369520799237,31.2748739258859,-23.5177980199236,3.39745388025527,0.734709665545884,0.300250078014123
-3.55967941333711,31.6613022411385,-23.7786442941364,3.41532090170392,0.735722240444056,0.305070888935631
-3.58296335341699,32.0486943067082,-24.0411930682444,3.43324427765893,0.736699888792631,0.309927167488159
-3.60676983588101,32.4368776774851,-24.3054401619419,3.45122363522097,0.737641987599723,0.314818568572299
-3.63106125040376,32.8256761081309,-24.5713811888985,3.4692585785702,0.738547909575012,0.319744720830135
-3.65579635189931,33.2149097009021,-24.8390115567633,3.48734868852713,0.739417023463453,0.324705226100968
-3.68093017645918,33.604395063546,-25.1083264672339,3.50549352213387,0.740248694394721,0.329699658896961
-3.70641396240568,33.9939454772377,-25.3793209161869,3.52369261225735,0.741042284248363,0.334727565900654
-3.73219507692737,34.3833710745012,-25.6519896938743,3.54194546721672,0.741797152034567,0.339788465486287
-3.75821694876826,34.7724790270231,-25.9263273851833,3.56025157043661,0.74251265429045,0.344881847266936
-3.78441900744522,35.1610737432377,-26.2023283699627,3.57861038012839,0.743188145491697,0.350007171669423
-3.81073662946964,35.548957075528,-26.4799868234147,3.59702132900124,0.743822978479366,0.355163869539023
-3.83710109204861,35.935928536855,-26.7592967165532,3.61548382400507,0.74441650490161,0.360351341775948
-3.86343953473801,36.3217855265903,-27.0402518167305,3.63399724610713,0.744968075670048,0.36556895900559
-3.88967492951527,36.7063235652935,-27.3228456882301,3.65256095010432,0.745477041430443,0.370816061284503
-3.91572605973189,37.0893365381416,-27.6070716929298,3.67117426447303,0.745942753047328,0.376091957844044
-3.94150750839659,37.4706169466768,-27.892922991032,3.68983649125838,0.746364562102158,0.381395926873589
-3.9669296562278,37.8499561685082,-28.180392541865,3.70854690600465,0.746741821404515,0.38672721534516
-3.99189868989924,38.2271447245617,-28.4694731047529,3.7273047577287,0.747073885515873,0.392085038881278
-4.01631662088578,38.6019725534408,-28.7601572399572,3.74610926893793,0.747360111285347,0.397468581667763
-4.04008131529629,38.9742292924207,-29.0524373096883,3.76495963569454,0.747599858396827,0.402876996413137
-4.06308653505805,39.3437045645663,-29.3463054791892,3.78385502772754,0.747792489926853,0.408309404356184
-4.08522199079216,39.7101882714289,-29.6417537178909,3.80279458859384,0.747937372912521,0.413764895323164
-4.10637340669108,40.0734708907431,-29.9387738006391,3.82177743588992,0.748033878928686,0.419242527836008
-4.12642259767953,40.4333437785125,-30.2373573089955,3.8408026615151,0.748081384673673,0.424741329272762
-4.14524755910642,40.7895994748445,-30.5374956326102,3.85986933198751,0.748079272562663,0.430260296081372
-4.16272256917997,41.142032012863,-30.8391799706684,3.87897648881379,0.748026931327888,0.435798394047811
-4.17871830432006,41.4904372300007,-31.1424013334112,3.89812314891314,0.747923756624721,0.441354558619346
-4.19310196756149,41.8346130809506,-31.44715054373,3.91730830509646,0.74776915164272,0.446927695283643
-4.20573743009883,42.1743599515308,-31.7534182388349,3.93653092660098,0.747562527720626,0.452516680004199
-4.21648538601914,42.5094809726969,-32.0611948719988,3.95578995968066,0.74730330496432,0.458120359712439
-4.22520352022193,42.8397823339215,-32.3704707143754,3.9750843282525,0.746990912866681,0.463737552856628
-4.23174668947728,43.165073595143,-32.6812358568934,3.99441293459863,0.746624790928273,0.469367050007576
-4.23596711652347,43.4851679964768,-32.9934802122246,4.01377466012391,0.746204389277766,0.475007614520882
-4.23771459705382,43.7998827648726,-33.3071935168294,4.03316836616862,0.745729169290978,0.480657983255326
-4.23683671939052,44.1090394168986,-33.6223653330762,4.05259289487545,0.745198604207402,0.486316867346755
-4.23317909659033,44.4124640568324,-33.9389850514381,4.07204707011004,0.74461217974307,0.491982953036652
-4.22658561067318,44.7099876692381,-34.2570418927643,4.09152969843388,0.743969394698604,0.497654902554342
-4.21689866861135,45.0014464052215,-34.5765249106288,4.11103957012834,0.743269761561296,0.503331355051607
-4.20395946966334,45.2866818615595,-34.8974229937541,4.13057546026831,0.74251280710005,0.509010927588253
-4.18760828358303,45.5655413519183,-35.2197248685113,4.15013612984376,0.741698072952041,0.514692216166984
-4.16768473918278,45.8378781693905,-35.543419101497,4.16972032692729,0.740825116199943,0.520373796815739
-4.14402812267735,46.1035518396048,-35.8684941021847,4.18932678788561,0.739893509938586,0.526054226715446
-4.11647768518574,46.3624283636858,-36.194938125654,4.20895423863265,0.73890284382993,0.53173204537095
-4.08487295871956,46.614380450371,-36.5227392753938,4.22860139592185,0.737852724645272,0.537405775822721
-4.04905407994034,46.8592877366268,-36.8518855061829,4.24826696867493,0.7367427767936,0.543073925896724
-4.00886212092406,47.0970369961373,-37.1823646270448,4.2679496593444,0.735572642835081,0.548734989489718
-3.96413942612989,47.3275223350839,-37.5141643042783,4.28764816530683,0.734341983978658,0.554387447887054
-3.91472995473131,47.550645374672,-37.8472720645632,4.30736118028368,0.733050480562816,0.560029771109941
-3.86047962743277,47.7663154199081,-38.181675298141,4.32708739578664,0.73169783251859,0.56566041928897
-3.80123667686268,47.9744496141786,-38.5173612620689,4.34682550258392,0.730283759813943,0.571277844060618
-3.73685200060526,48.1749730792314,-38.854317083549,4.36657419218418,0.728808002878695,0.576880489983311
-3.66717951590923,48.3678190402116,-39.1925297633308,4.38633215833448,0.727270323009246,0.582466795969569
-3.5920765150906,48.5529289354603,-39.5319861791861,4.40609809852865,0.725670502752371,0.588035196730665
-3.51140402063046,48.7302525108357,-39.8726730894578,4.42587071552242,0.724008346267454,0.59358412423018
-3.42502713895633,48.8997478983772,-40.2145771366794,4.44564871885156,0.722283679666565,0.599112009142802
-3.33281541188788,49.0613816791845,-40.5576848512673,4.46543082634932,0.720496351331862,0.604617282314694
-3.23464316472421,49.2151289304462,-40.901982655283,4.48521576565947,0.718646232209875,0.610098376221744
-3.13038984995091,49.3609732566061,-41.2474568662659,4.5050022757411,0.71673321608227,0.615553726422045
-3.01994038555042,49.4989068047137,-41.5940937011354,4.52478910836165,0.714757219812792,0.620981772998947
-2.903185486909,49.6289302640621,-41.9418792801619,4.54457502957428,0.712718183570134,0.626380961991123
-2.78002199132761,49.7510528502702,-42.2907996310055,4.56435882117629,0.710616071026558,0.631749746806091
-2.65035317416225,49.865292274022,-42.6408406928218,4.58413928214481,0.708450869532175,0.63708658961378
-2.51408905564167,49.9716746947274,-42.9919883204336,4.60391523004651,0.706222590264827,0.642389962716771
-2.37114669743671,50.0702346594167,-43.3442282885681,4.62368550241796,0.703931268355633,0.647658349893991
-2.22145048808539,50.1610150272347,-43.6975462961579,4.64344895811344,0.701576962990292,0.652890247714742
-2.06493241641151,50.2440668799384,-44.0519279707052,4.66320447861727,0.69915975748631,0.658084166820093
-1.9015323321115,50.3194494188529,-44.4073588727087,4.68295096931762,0.696679759346397,0.663238633168818
-1.73119819272412,50.3872298487727,-44.7638245001501,4.70268736073908,0.69413710028834,0.668352189245218
